{"cameraMode":{"drawMode":0,"name":"Shaded","section":"Shading Mode"},"sceneLighting":true,"audioPlay":false,"sceneViewState":{"showFog":true,"showMaterialUpdate":false,"showSkybox":true,"showFlares":true,"showImageEffects":true,"showParticleSystems":true},"in2DMode":false,"pivot":{"x":23.663166046142579,"y":1.2064454555511475,"z":27.893531799316408},"rotation":{"x":-0.1423828899860382,"y":0.41805124282836916,"z":-0.06652749329805374,"w":-0.8947258591651917},"size":2.006837844848633,"orthographic":false}