{"cameraMode":{"drawMode":0,"name":"Shaded","section":"Shading Mode"},"sceneLighting":false,"audioPlay":false,"sceneViewState":{"showFog":true,"showMaterialUpdate":false,"showSkybox":true,"showFlares":true,"showImageEffects":true,"showParticleSystems":true},"in2DMode":false,"pivot":{"x":-0.32855597138404848,"y":0.8124561309814453,"z":0.9743378162384033},"rotation":{"x":0.0004417557211127132,"y":0.9694503545761108,"z":-0.24528107047080995,"w":0.0017457427456974984},"size":4.442748546600342,"orthographic":false}