{"cameraMode":{"drawMode":0,"name":"Shaded","section":"Shading Mode"},"sceneLighting":false,"audioPlay":false,"sceneViewState":{"showFog":true,"showMaterialUpdate":false,"showSkybox":true,"showFlares":true,"showImageEffects":true,"showParticleSystems":true},"in2DMode":false,"pivot":{"x":0.0,"y":1.559999942779541,"z":-3.109999895095825},"rotation":{"x":-0.16475102305412293,"y":0.49756598472595217,"z":-0.09688405692577362,"w":-0.8461079597473145},"size":3.7770230770111086,"orthographic":false}