{"cameraMode":{"drawMode":0,"name":"Shaded","section":"Shading Mode"},"sceneLighting":true,"audioPlay":false,"sceneViewState":{"showFog":true,"showMaterialUpdate":false,"showSkybox":true,"showFlares":true,"showImageEffects":true,"showParticleSystems":true},"in2DMode":false,"pivot":{"x":-16.43259048461914,"y":2.4546890258789064,"z":-2.8278236389160158},"rotation":{"x":-0.5065469145774841,"y":0.01861771009862423,"z":-0.010941370390355587,"w":-0.861941933631897},"size":121.4162368774414,"orthographic":false}