{"cameraMode":{"drawMode":0,"name":"Shaded","section":"Shading Mode"},"sceneLighting":false,"audioPlay":false,"sceneViewState":{"showFog":true,"showMaterialUpdate":false,"showSkybox":true,"showFlares":true,"showImageEffects":true,"showParticleSystems":true},"in2DMode":false,"pivot":{"x":1.0728579759597779,"y":1.508131742477417,"z":-0.7609877586364746},"rotation":{"x":-0.007652684114873409,"y":-0.9768848419189453,"z":0.035487931221723559,"w":-0.21066106855869294},"size":3.1416585445404054,"orthographic":false}