{"cameraMode":{"drawMode":0,"name":"Shaded","section":"Shading Mode"},"sceneLighting":false,"audioPlay":false,"sceneViewState":{"showFog":false,"showMaterialUpdate":false,"showSkybox":false,"showFlares":false,"showImageEffects":false,"showParticleSystems":false},"in2DMode":false,"pivot":{"x":-0.5872011184692383,"y":2.132282018661499,"z":-3.097991466522217},"rotation":{"x":-0.22421801090240479,"y":-0.659717321395874,"z":0.2162904441356659,"w":-0.6838990449905396},"size":0.6127380132675171,"orthographic":false}