{"cameraMode":{"drawMode":0,"name":"Shaded","section":"Shading Mode"},"sceneLighting":false,"audioPlay":false,"sceneViewState":{"showFog":true,"showMaterialUpdate":false,"showSkybox":true,"showFlares":true,"showImageEffects":true,"showParticleSystems":true},"in2DMode":false,"pivot":{"x":5.960464477539063e-8,"y":11.559998512268067,"z":-10.59999942779541},"rotation":{"x":-0.28653690218925478,"y":0.17604760825634004,"z":-0.053651198744773868,"w":-0.9402262568473816},"size":4.069103717803955,"orthographic":false}